a,b,n,pearson_r,pearson_p,spearman_rho,spearman_p,pearson_q_bh,spearman_q_bh
omron_dbp_mmHg,env_temperature_C,52,-0.2478836440834785,0.07642283729135563,-0.26690252816205073,0.05578231507992875,0.21435454902425377,0.16507011605285038
omron_dbp_mmHg,env_pressure_hPa,52,0.3514082943283081,0.010634545950308626,0.36399108099111477,0.007986407050132148,0.05256849418618468,0.04185647068442752
omron_hr_bpm,steps_daily,52,0.08375115662743704,0.554992464562521,0.033919016038262896,0.8113255639947071,0.7737875707842842,0.9376698811295725
omron_hr_bpm,samsung_stress_ordinal,49,0.6069795234611545,3.7697641548047716e-06,0.5927076961069568,7.221599565985051e-06,6.012809728389215e-05,0.00011634799300753693
omron_sbp_mmHg,steps_daily,52,0.44895068233488966,0.0008427214948378463,0.40925732728510844,0.00259013958702333,0.007049689427970445,0.016095867433644977
omron_dbp_mmHg,steps_daily,52,0.49873328349433543,0.00016781648866785615,0.48896816952458905,0.00023488285575172464,0.001871799296679934,0.0022705342722666717
omron_sbp_mmHg,pm2_5,49,-0.06632205913640306,0.6507153492799125,0.0755539343821823,0.6058803130690374,0.8629913930998838,0.8159688426781154
omron_dbp_mmHg,pm2_5,49,0.021205099248490334,0.885010932910161,0.1305752366272963,0.37117856328410403,0.9676637322478204,0.6070025377014484
